{"cameraMode":{"drawMode":0,"name":"Shaded","section":"Shading Mode"},"sceneLighting":true,"audioPlay":false,"sceneViewState":{"showFog":true,"showMaterialUpdate":false,"showSkybox":true,"showFlares":true,"showImageEffects":true,"showParticleSystems":true},"in2DMode":false,"pivot":{"x":321.08380126953127,"y":310.20855712890627,"z":247.10406494140626},"rotation":{"x":-0.07822342962026596,"y":0.012558113783597947,"z":-0.000985457911156118,"w":-0.9968565106391907},"size":910.841064453125,"orthographic":false}